Name,Value
OS Name,"Microsoft Windows 11 Pro for Workstations"
OS Version,"10.0.26100 "
OS Architecture,"64-bit"
Receiver Version,"25.11.1.5"
IE Version,"11.1882.26100.0"
Default Browser,"Chrome"
Main CPU,"11th Gen Intel(R) Core(TM) i7-1185G7 @ 3.00GHz"
Number of CPU cores,4
Current CPU Speed,1805
Number of CPUs,1
Total Memory,15761 MB
Number of monitors,1
Display 1,\\.\DISPLAY1 (Primary)
Resolution 1,1920x1080 (32bpp)
Network interface type 1,Intel(R) Wi-Fi 6E AX210 160MHz
Network interface name 1,Wi-Fi
Network interface description 1,
Network interface speed (Mbit) 1,866
Network interface status 1,Connected
Network interface type 2,Intel(R) Ethernet Connection (13) I219-LM
Network interface name 2,Ethernet
Network interface description 2,
Network interface speed (Mbit) 2,0
Network interface status 2,Media disconnected
Network interface type 3,Bluetooth Device (Personal Area Network)
Network interface name 3,Bluetooth Network Connection
Network interface description 3,
Network interface speed (Mbit) 3,3
Network interface status 3,Media disconnected
Drive C:\, NTFS
ActiveX Flash Version,Not installed
NPAPI Flash Version,Not installed
