DataPath,Status,ErrorMsg,Duration(ms)
"System Information",[OK],,1695
"Registry Information",[OK],,60
"System Event Log",[OK],,1335
"Application Event Log",[OK],,271
"DirectX Diagnostics Log",[ERROR],"System DataCollection directory doesn't exist",0
"Always-On Logs",[OK],,2493
"Installation Logs",[OK],,8888
"AutoUpdate",[OK],,50
"ProcessSnapshots",[OK],,0
"SelfService",[OK],,4
"AuthManager",[OK],,1
"Receiver",[OK],,26
"HDX RTC Logs",[OK],,31
"CTXReceiverLogs",[ERROR],"Could not find a part of the path 'C:\Program Files (x86)\Citrix\CTXReceiverLogs'.",1
"INF",[OK],,41
"Citrix Enterprise Browser",[OK],,3
"Unleash Logs",[OK],,9603
"DT Logs",[OK],,9870
"EPA Logs",[OK],,9987
"uberAgent Logs",[ERROR],"Access to the path 'C:\WINDOWS\Temp' is denied.",1
"Package zip file",[OK],,7627
"CDF Tracing",[N/A],,0
